{
    "lr": 0.0005611516415334506,
    "w_pde": 7.969454818643936,
    "w_const": 2.9106359131330697,
    "w_bc": 1.5751320499779735,
    "f_tune": 0.8900466011060912
}