{
    "loss": [
        1197.5202421855736
    ],
    "loss_data": [
        0.5158929824829102
    ],
    "loss_pde": [
        139.63245849609376
    ],
    "loss_const": [
        27.90138931274414
    ],
    "loss_seis": [
        0.0
    ],
    "loss_bc": [
        0.5938691377639771
    ]
}