{
    "loss": [
        13571.974609375,
        11268.3251953125
    ],
    "loss_data": [
        0.21534574031829834,
        0.2836688160896301
    ],
    "loss_pde": [
        4598.8291015625,
        3213.02001953125
    ],
    "loss_const": [
        8972.068359375,
        8053.88671875
    ]
}