{
    "loss": [
        242232904.02695087,
        241280220.42370433
    ],
    "loss_data": [
        0.34651461243629456,
        0.34593522548675537
    ],
    "loss_pde": [
        3695.7294921875,
        4116.041015625
    ],
    "loss_const": [
        5.798008918762207,
        5.782443046569824
    ],
    "loss_seis": [
        484458400.0,
        482552192.0
    ],
    "loss_bc": [
        0.7668766975402832,
        0.8705695271492004
    ]
}