{
    "loss": [
        305.63196462392807
    ],
    "loss_data": [
        0.5440990924835205
    ],
    "loss_pde": [
        250.36373596191407
    ],
    "loss_const": [
        51.78232116699219
    ],
    "loss_seis": [
        0.0
    ],
    "loss_bc": [
        0.7654120326042175
    ]
}