{
    "loss": [
        1290.8761356268521,
        1135.70297921232
    ],
    "loss_data": [
        0.4884198307991028,
        0.4860784113407135
    ],
    "loss_pde": [
        812.9655456542969,
        807.6702880859375
    ],
    "loss_const": [
        218.77603149414062,
        190.1738739013672
    ],
    "loss_seis": [
        0.0,
        0.0
    ],
    "loss_bc": [
        0.5826407968997955,
        0.5621594786643982
    ]
}