{
    "loss": [
        483605044.06508654,
        481745512.66516024
    ],
    "loss_data": [
        0.5417882800102234,
        0.5621673464775085
    ],
    "loss_pde": [
        232.49356384277343,
        235.34393920898438
    ],
    "loss_const": [
        40.077447509765626,
        38.51823196411133
    ],
    "loss_seis": [
        483604768.0,
        481745235.2
    ],
    "loss_bc": [
        0.7851337671279908,
        0.7921523332595826
    ]
}