{
    "loss": [
        13696.021045446396,
        8096.853209137917
    ],
    "loss_data": [
        0.6851661205291748,
        0.552526593208313
    ],
    "loss_pde": [
        4413.20751953125,
        3172.848388671875
    ],
    "loss_const": [
        9279.3876953125,
        4921.2421875
    ],
    "loss_seis": [
        0.0,
        0.0
    ]
}