{
    "loss": [
        18869.203894108534,
        11082.000492215157
    ],
    "loss_data": [
        0.39439210295677185,
        0.627637505531311
    ],
    "loss_pde": [
        6357.70458984375,
        4359.67333984375
    ],
    "loss_const": [
        12509.52734375,
        6719.18896484375
    ],
    "loss_seis": [
        0.0,
        0.0
    ]
}